{
  "version": 1,
  "author": "Anonymous maker",
  "editor": "wokwi",
  "parts": [
    { "type": "wokwi-esp32-devkit-v1", "id": "esp", "top": 22.67, "left": -24.67, "attrs": {} },
    {
      "type": "wokwi-hc-sr04",
      "id": "ultrasonic1",
      "top": -0.9,
      "left": 158.3,
      "attrs": { "distance": "20" }
    }
  ],
  "connections": [
    [ "esp:TX0", "$serialMonitor:RX", "", [] ],
    [ "esp:RX0", "$serialMonitor:TX", "", [] ],
    [ "ultrasonic1:VCC", "esp:3V3", "red", [ "v0" ] ],
    [ "ultrasonic1:GND", "esp:GND.1", "black", [ "v0" ] ],
    [ "ultrasonic1:TRIG", "esp:D5", "green", [ "v51.22", "h-150.98", "v-30.67" ] ],
    [ "ultrasonic1:ECHO", "esp:D18", "green", [ "v64.55", "h-144.98", "v-54" ] ]
  ],
  "dependencies": {}
}